{   "parent": "block/block",
    "textures": {
        "particle": "prodigytech:blocks/air_funnel_side",
        "top": "prodigytech:blocks/air_funnel_top",
        "side": "prodigytech:blocks/air_funnel_side"
    },
    "elements": [
        {   "from": [ 1, 0, 1 ],
            "to": [ 15, 16, 15 ],
            "faces": {
                "down":  { "uv": [ 1, 1, 15, 15 ], "texture": "#top", "cullface": "down" },
                "up":    { "uv": [ 1, 1, 15, 15 ], "texture": "#top", "cullface": "up" },
                "north": { "uv": [ 1, 0, 15, 16 ], "texture": "#side" },
                "south": { "uv": [ 1, 0, 15, 16 ], "texture": "#side" },
                "west":  { "uv": [ 1, 0, 15, 16 ], "texture": "#side" },
                "east":  { "uv": [ 1, 0, 15, 16 ], "texture": "#side" }
            }
        }
    ]
}
