{   "parent": "block/block",
    "textures": {
        "particle": "prodigytech:blocks/linear_extractor_side",
        "top": "prodigytech:blocks/linear_extractor_top",
        "down": "prodigytech:blocks/linear_extractor_bottom",
        "side": "prodigytech:blocks/linear_extractor_side",
        "plain": "prodigytech:blocks/ferramic_block"
    },
    "elements": [
        {   "from": [ 1, 0, 1 ],
            "to": [ 15, 6, 15 ],
            "faces": {
                "down":  { "uv": [ 1, 1, 15, 15 ], "texture": "#down", "cullface": "down" },
                "north": { "uv": [ 1, 10, 15, 16 ], "texture": "#side" },
                "south": { "uv": [ 1, 10, 15, 16 ], "texture": "#side" },
                "west":  { "uv": [ 1, 10, 15, 16 ], "texture": "#side" },
                "east":  { "uv": [ 1, 10, 15, 16 ], "texture": "#side" }
            }
        },
        {   "from": [ 0, 6, 0 ],
            "to": [ 16, 15, 16 ],
            "faces": {
                "down":  { "uv": [ 0, 0, 16, 16 ], "texture": "#plain" },
                "up":    { "uv": [ 0, 0, 16, 16 ], "texture": "#top", "cullface": "up" },
                "north": { "uv": [ 0, 1, 16, 10 ], "texture": "#side", "cullface": "north" },
                "south": { "uv": [ 0, 1, 16, 10 ], "texture": "#side", "cullface": "south" },
                "west":  { "uv": [ 0, 1, 16, 10 ], "texture": "#side", "cullface": "west" },
                "east":  { "uv": [ 0, 1, 16, 10 ], "texture": "#side", "cullface": "east" }
            }
        },
        {   "from": [ 0, 15, 0 ],
            "to": [ 16, 16, 3 ],
            "faces": {
                "up":    { "uv": [ 0, 0, 16, 3 ], "texture": "#top", "cullface": "up" },
                "north": { "uv": [ 0, 0, 16, 1 ], "texture": "#side", "cullface": "north" },
                "south": { "uv": [ 0, 0, 16, 1 ], "texture": "#side", "cullface": "up" },
                "west":  { "uv": [ 0, 0, 3, 1 ], "texture": "#side", "cullface": "west" },
                "east":  { "uv": [ 13, 0, 16, 1 ], "texture": "#side", "cullface": "east" }
            }
        },
        {   "from": [ 0, 15, 13 ],
            "to": [ 16, 16, 16 ],
            "faces": {
                "up":    { "uv": [ 0, 13, 16, 16 ], "texture": "#top", "cullface": "up" },
                "north": { "uv": [ 0, 0, 16, 1 ], "texture": "#side", "cullface": "up" },
                "south": { "uv": [ 0, 0, 16, 1 ], "texture": "#side", "cullface": "south" },
                "west":  { "uv": [ 13, 0, 16, 1 ], "texture": "#side", "cullface": "west" },
                "east":  { "uv": [ 0, 0, 3, 1 ], "texture": "#side", "cullface": "east" }
            }
        },
        {   "from": [ 0, 15, 3 ],
            "to": [ 3, 16, 13 ],
            "faces": {
                "up":    { "uv": [ 0, 3, 3, 13 ], "texture": "#top", "cullface": "up" },
                "west":  { "uv": [ 3, 0, 13, 1 ], "texture": "#side", "cullface": "west" },
                "east":  { "uv": [ 3, 0, 13, 1 ], "texture": "#side", "cullface": "up" }
            }
        },
        {   "from": [ 13, 15, 3 ],
            "to": [ 16, 16, 13 ],
            "faces": {
                "up":    { "uv": [ 13, 3, 16, 13 ], "texture": "#top", "cullface": "up" },
                "west":  { "uv": [ 3, 0, 13, 1 ], "texture": "#side", "cullface": "up" },
                "east":  { "uv": [ 3, 0, 13, 1 ], "texture": "#side", "cullface": "east" }
            }
        }
    ]
}
