{   "parent": "block/block",
    "textures": {
        "particle": "prodigytech:blocks/solderer_inside_top",
        "top": "prodigytech:blocks/machine_air_hatch",
        "down": "prodigytech:blocks/machine_air_hatch",
        "side": "prodigytech:blocks/solderer_side",
        "insidetop": "prodigytech:blocks/solderer_inside_top",
        "insidedown": "prodigytech:blocks/solderer_inside_bottom"
    },
    "elements": [
        {   "from": [ 0, 0, 0 ],
            "to": [ 16, 5, 16 ],
            "faces": {
                "down":  { "uv": [ 0, 0, 16, 16 ], "texture": "#down", "cullface": "down" },
                "up":    { "uv": [ 0, 0, 16, 16 ], "texture": "#insidedown" },
                "north": { "uv": [ 0, 11, 16, 16 ], "texture": "#side", "cullface": "north" },
                "south": { "uv": [ 0, 11, 16, 16 ], "texture": "#side", "cullface": "south" },
                "west":  { "uv": [ 0, 11, 16, 16 ], "texture": "#side", "cullface": "west" },
                "east":  { "uv": [ 0, 11, 16, 16 ], "texture": "#side", "cullface": "east" }
            }
        },
        {   "from": [ 0, 11, 0 ],
            "to": [ 16, 16, 16 ],
            "faces": {
                "down":  { "uv": [ 0, 0, 16, 16 ], "texture": "#insidetop" },
                "up":    { "uv": [ 0, 0, 16, 16 ], "texture": "#top", "cullface": "up" },
                "north": { "uv": [ 0, 0, 16, 5 ], "texture": "#side", "cullface": "north" },
                "south": { "uv": [ 0, 0, 16, 5 ], "texture": "#side", "cullface": "south" },
                "west":  { "uv": [ 0, 0, 16, 5 ], "texture": "#side", "cullface": "west" },
                "east":  { "uv": [ 0, 0, 16, 5 ], "texture": "#side", "cullface": "east" }
            }
        },
        {   "from": [ 0, 5, 0 ],
            "to": [ 3, 11, 3 ],
            "faces": {
                "north": { "uv": [ 13, 5, 16, 11 ], "texture": "#side", "cullface": "north" },
                "south": { "uv": [ 0, 5, 3, 11 ], "texture": "#side" },
                "west":  { "uv": [ 0, 5, 3, 11 ], "texture": "#side", "cullface": "west" },
                "east":  { "uv": [ 13, 5, 16, 11 ], "texture": "#side" }
            }
        },
        {   "from": [ 13, 5, 0 ],
            "to": [ 16, 11, 3 ],
            "faces": {
                "north": { "uv": [ 0, 5, 3, 11 ], "texture": "#side", "cullface": "north" },
                "south": { "uv": [ 13, 5, 16, 11 ], "texture": "#side" },
                "west":  { "uv": [ 0, 5, 3, 11 ], "texture": "#side" },
                "east":  { "uv": [ 13, 5, 16, 11 ], "texture": "#side", "cullface": "east" }
            }
        },
        {   "from": [ 13, 5, 13 ],
            "to": [ 16, 11, 16 ],
            "faces": {
                "north": { "uv": [ 0, 5, 3, 11 ], "texture": "#side" },
                "south": { "uv": [ 13, 5, 16, 11 ], "texture": "#side", "cullface": "south" },
                "west":  { "uv": [ 13, 5, 16, 11 ], "texture": "#side" },
                "east":  { "uv": [ 0, 5, 3, 11 ], "texture": "#side", "cullface": "east" }
            }
        },
        {   "from": [ 0, 5, 13 ],
            "to": [ 3, 11, 16 ],
            "faces": {
                "north": { "uv": [ 13, 5, 16, 11 ], "texture": "#side" },
                "south": { "uv": [ 0, 5, 3, 11 ], "texture": "#side", "cullface": "south" },
                "west":  { "uv": [ 13, 5, 16, 11 ], "texture": "#side", "cullface": "west" },
                "east":  { "uv": [ 0, 5, 3, 11 ], "texture": "#side" }
            }
        }
    ]
}
