{
	"credit": "Made with Blockbench, a free, modern block model editor by JannisX11",
	"parent": "block/block",
	"textures": {
		"side": "prodigytech:blocks/wormhole_funnel_side",
		"inner": "prodigytech:blocks/ferramic_block",
		"bottom": "prodigytech:blocks/machine_air_hatch",
		"top": "prodigytech:blocks/wormhole_funnel_top",
		"particle": "prodigytech:blocks/ferramic_block"
	},
	"elements": [
		{
			"from": [0, 0, 0],
			"to": [16, 5, 16],
			"faces": {
				"north": {"uv": [0, 11, 16, 16], "texture": "#side", "cullface": "north"},
				"east": {"uv": [0, 11, 16, 16], "texture": "#side", "cullface": "east"},
				"south": {"uv": [0, 11, 16, 16], "texture": "#side", "cullface": "south"},
				"west": {"uv": [0, 11, 16, 16], "texture": "#side", "cullface": "west"},
				"up": {"uv": [0, 0, 16, 16], "texture": "#inner"},
				"down": {"uv": [0, 0, 16, 16], "texture": "#bottom", "cullface": "down"}
			}
		},
		{
			"from": [1, 5, 1],
			"to": [15, 8, 15],
			"faces": {
				"north": {"uv": [1, 8, 15, 11], "texture": "#side"},
				"east": {"uv": [1, 8, 15, 11], "texture": "#side"},
				"south": {"uv": [1, 8, 15, 11], "texture": "#side"},
				"west": {"uv": [1, 8, 15, 11], "texture": "#side"},
				"up": {"uv": [1, 1, 15, 15], "texture": "#top"}
			}
		}
	]
}