{
	"credit": "Made with Blockbench, a free, modern block model editor by JannisX11",
	"parent": "block/block",
	"textures": {
		"side": "prodigytech:blocks/wormhole_funnel_side",
		"inner": "prodigytech:blocks/ferramic_block",
		"top": "prodigytech:blocks/machine_air_hatch",
		"bottom": "prodigytech:blocks/wormhole_funnel_top",
		"particle": "prodigytech:blocks/wormhole_funnel_side"
	},
	"elements": [
		{
			"from": [0, 11, 0],
			"to": [16, 16, 16],
			"faces": {
				"north": {"uv": [0, 0, 16, 5], "texture": "#side", "cullface": "north"},
				"east": {"uv": [0, 0, 16, 5], "texture": "#side", "cullface": "east"},
				"south": {"uv": [0, 0, 16, 5], "texture": "#side", "cullface": "south"},
				"west": {"uv": [0, 0, 16, 5], "texture": "#side", "cullface": "west"},
				"up": {"uv": [0, 0, 16, 16], "texture": "#top", "cullface": "up"},
				"down": {"uv": [0, 0, 16, 16], "texture": "#inner"}
			}
		},
		{
			"from": [1, 8, 1],
			"to": [15, 11, 15],
			"faces": {
				"north": {"uv": [1, 5, 15, 8], "texture": "#side"},
				"east": {"uv": [1, 5, 15, 8], "texture": "#side"},
				"south": {"uv": [1, 5, 15, 8], "texture": "#side"},
				"west": {"uv": [1, 5, 15, 8], "texture": "#side"},
				"down": {"uv": [1, 1, 15, 15], "texture": "#bottom"}
			}
		}
	]
}