{
	"parent": "block/block",
	"textures": {
		"particle": "prodigytech:blocks/zorrasteel_altar_top",
		"bottom": "prodigytech:blocks/zorrasteel_altar_bottom",
		"top": "prodigytech:blocks/zorrasteel_altar_top",
		"side": "prodigytech:blocks/zorrasteel_altar_side"
	},
	"elements": [
		{
			"from": [ 0, 0, 0 ],
			"to": [ 16, 12, 16 ],
			"faces": {
				"down": { "uv": [ 0, 0, 16, 16 ], "texture": "#bottom", "cullface": "down" },
				"up": { "uv": [ 0, 0, 16, 16 ], "texture": "#top" },
				"north": { "uv": [ 0, 4, 16, 16 ], "texture": "#side", "cullface": "north" },
				"south": { "uv": [ 0, 4, 16, 16 ], "texture": "#side", "cullface": "south" },
				"west": { "uv": [ 0, 4, 16, 16 ], "texture": "#side", "cullface": "west" },
				"east": { "uv": [ 0, 4, 16, 16 ], "texture": "#side", "cullface": "east" }
			}
		}
	]
}
