{
    "parent": "item/generated",
    "textures": {
        "layer0": "prodigytech:items/purified_food_0"
    },
    "overrides": [
        {
            "predicate": {
                "food": 3
            },
            "model": "prodigytech:item/purified_food_1"
        },
        {
            "predicate": {
                "food": 6
            },
            "model": "prodigytech:item/purified_food_2"
        },
        {
            "predicate": {
                "food": 10
            },
            "model": "prodigytech:item/purified_food_3"
        }
    ]
}
