{
    "variants": {
        "active=false,facing=north": { "model": "prodigytech:atomic_reshaper" },
        "active=false,facing=south": { "model": "prodigytech:atomic_reshaper", "y": 180 },
        "active=false,facing=west":  { "model": "prodigytech:atomic_reshaper", "y": 270 },
        "active=false,facing=east":  { "model": "prodigytech:atomic_reshaper", "y": 90 },
        "active=true,facing=north": { "model": "prodigytech:atomic_reshaper_active" },
        "active=true,facing=south": { "model": "prodigytech:atomic_reshaper_active", "y": 180 },
        "active=true,facing=west":  { "model": "prodigytech:atomic_reshaper_active", "y": 270 },
        "active=true,facing=east":  { "model": "prodigytech:atomic_reshaper_active", "y": 90 }
    }
}
