{
    "variants": {
        "active=false,facing=north": { "model": "prodigytech:capacitor_charger" },
        "active=false,facing=south": { "model": "prodigytech:capacitor_charger", "y": 180 },
        "active=false,facing=west":  { "model": "prodigytech:capacitor_charger", "y": 270 },
        "active=false,facing=east":  { "model": "prodigytech:capacitor_charger", "y": 90 },
        "active=true,facing=north": { "model": "prodigytech:capacitor_charger_active" },
        "active=true,facing=south": { "model": "prodigytech:capacitor_charger_active", "y": 180 },
        "active=true,facing=west":  { "model": "prodigytech:capacitor_charger_active", "y": 270 },
        "active=true,facing=east":  { "model": "prodigytech:capacitor_charger_active", "y": 90 }
    }
}
