{
    "variants": {
        "active=false,facing=north": { "model": "prodigytech:food_purifier" },
        "active=false,facing=south": { "model": "prodigytech:food_purifier", "y": 180 },
        "active=false,facing=west":  { "model": "prodigytech:food_purifier", "y": 270 },
        "active=false,facing=east":  { "model": "prodigytech:food_purifier", "y": 90 },
        "active=true,facing=north": { "model": "prodigytech:food_purifier_active" },
        "active=true,facing=south": { "model": "prodigytech:food_purifier_active", "y": 180 },
        "active=true,facing=west":  { "model": "prodigytech:food_purifier_active", "y": 270 },
        "active=true,facing=east":  { "model": "prodigytech:food_purifier_active", "y": 90 }
    }
}
