{
    "variants": {
        "active=false,facing=north": { "model": "prodigytech:fuel_processor" },
        "active=false,facing=south": { "model": "prodigytech:fuel_processor", "y": 180 },
        "active=false,facing=west":  { "model": "prodigytech:fuel_processor", "y": 270 },
        "active=false,facing=east":  { "model": "prodigytech:fuel_processor", "y": 90 },
        "active=true,facing=north": { "model": "prodigytech:fuel_processor_active" },
        "active=true,facing=south": { "model": "prodigytech:fuel_processor_active", "y": 180 },
        "active=true,facing=west":  { "model": "prodigytech:fuel_processor_active", "y": 270 },
        "active=true,facing=east":  { "model": "prodigytech:fuel_processor_active", "y": 90 }
    }
}
