{
    "variants": {
        "facing=down":  { "model": "prodigytech:linear_extractor", "x": 180 },
        "facing=up":    { "model": "prodigytech:linear_extractor" },
        "facing=north": { "model": "prodigytech:linear_extractor", "x": 90 },
        "facing=south": { "model": "prodigytech:linear_extractor", "x": 90, "y": 180 },
        "facing=west":  { "model": "prodigytech:linear_extractor", "x": 90, "y": 270 },
        "facing=east":  { "model": "prodigytech:linear_extractor", "x": 90, "y": 90 }
    }
}