{
    "variants": {
        "active=false,facing=north": { "model": "prodigytech:primordialis_reactor" },
        "active=false,facing=south": { "model": "prodigytech:primordialis_reactor", "y": 180 },
        "active=false,facing=west":  { "model": "prodigytech:primordialis_reactor", "y": 270 },
        "active=false,facing=east":  { "model": "prodigytech:primordialis_reactor", "y": 90 },
        "active=true,facing=north": { "model": "prodigytech:primordialis_reactor_active" },
        "active=true,facing=south": { "model": "prodigytech:primordialis_reactor_active", "y": 180 },
        "active=true,facing=west":  { "model": "prodigytech:primordialis_reactor_active", "y": 270 },
        "active=true,facing=east":  { "model": "prodigytech:primordialis_reactor_active", "y": 90 }
    }
}
