{
    "variants": {
        "active=false,facing=north": { "model": "prodigytech:rotary_grinder" },
        "active=false,facing=south": { "model": "prodigytech:rotary_grinder", "y": 180 },
        "active=false,facing=west":  { "model": "prodigytech:rotary_grinder", "y": 270 },
        "active=false,facing=east":  { "model": "prodigytech:rotary_grinder", "y": 90 },
        "active=true,facing=north": { "model": "prodigytech:rotary_grinder_active" },
        "active=true,facing=south": { "model": "prodigytech:rotary_grinder_active", "y": 180 },
        "active=true,facing=west":  { "model": "prodigytech:rotary_grinder_active", "y": 270 },
        "active=true,facing=east":  { "model": "prodigytech:rotary_grinder_active", "y": 90 }
    }
}
